Country Name,Country Code,Indicator Name,Indicator Code,2014,2015,2016,2017,2018,2019,2020,2021,2022,2023
Turkey,TUR,GDP growth (annual %),NY.GDP.MKTP.KD.ZG,4.939715161,6.084486904,3.323084208,7.501997489,3.013179908,0.818525936,1.85983969,11.43938474,5.533469266,4.516866508
United States,USA,GDP growth (annual %),NY.GDP.MKTP.KD.ZG,2.523819814,2.945550455,1.819451475,2.457622304,2.966505071,2.467037563,-2.213469333,5.800206128,1.935495895,2.542700299
